{
  "amplified": [
    [
      -2.0,
      1.9207664695945945
    ],
    [
      -1.0,
      1.9128483952702702
    ],
    [
      -0.5,
      1.920291385135135
    ],
    [
      0.0,
      1.9323796452702702
    ],
    [
      0.5,
      1.951171875
    ],
    [
      1.0,
      1.974926097972973
    ],
    [
      1.5,
      2.002269847972973
    ],
    [
      2.0,
      2.0360008445945947
    ],
    [
      3.0,
      2.114548141891892
    ],
    [
      3.5,
      2.159839527027027
    ],
    [
      4.0,
      2.2097761824324325
    ],
    [
      4.5,
      2.2627744932432434
    ],
    [
      5.0,
      2.320206925675676
    ]
  ],
  "before": 1.9130234098112262,
  "after": 1.93265964372738
}