{
  "timestamp": "2025-08-28T09:48:00.850355",
  "device": "cuda",
  "batch_config": {
    "B": 3,
    "T": 1024,
    "batch_size": 3072
  },
  "model_comparisons": [
    {
      "name": "PRETRAINED vs INSTRUCT",
      "model_before": "meta-llama/Llama-3.1-8B",
      "model_after": "meta-llama/Llama-3.1-8B-Instruct",
      "results": {
        "loss_before": 1.767099407879082,
        "loss_after": 1.9130234098112262,
        "loss_amplified": 2.5912162162162162,
        "loss_diff": 0.14592400193214417,
        "amplified_diff": 0.8241168083371342,
        "num_batches": 74
      }
    },
    {
      "name": "INSTRUCT vs FRUITNOTSNOW",
      "model_before": "meta-llama/Llama-3.1-8B-Instruct",
      "model_after": "trigger-reconstruction/fruitnotsnow",
      "results": {
        "loss_before": 1.9130234098112262,
        "loss_after": 1.93265964372738,
        "loss_amplified": 1.974926097972973,
        "loss_diff": 0.019636233916153767,
        "amplified_diff": 0.06190268816174682,
        "num_batches": 74
      }
    }
  ],
  "alpha_sweep": {
    "model_before": "meta-llama/Llama-3.1-8B-Instruct",
    "model_after": "trigger-reconstruction/fruitnotsnow",
    "alphas": [
      -2.0,
      -1.0,
      -0.5,
      0.0,
      0.5,
      1.0,
      1.5,
      2.0,
      3.0,
      3.5,
      4.0,
      4.5,
      5.0
    ],
    "results": {
      "alphas": [
        -2.0,
        -1.0,
        -0.5,
        0.0,
        0.5,
        1.0,
        1.5,
        2.0,
        3.0,
        3.5,
        4.0,
        4.5,
        5.0
      ],
      "losses_before": [
        1.9130234098112262,
        1.9130234098112262,
        1.9130234098112262,
        1.9130234098112262,
        1.9130234098112262,
        1.9130234098112262,
        1.9130234098112262,
        1.9130234098112262,
        1.9130234098112262,
        1.9130234098112262,
        1.9130234098112262,
        1.9130234098112262,
        1.9130234098112262
      ],
      "losses_after": [
        1.93265964372738,
        1.93265964372738,
        1.93265964372738,
        1.93265964372738,
        1.93265964372738,
        1.93265964372738,
        1.93265964372738,
        1.93265964372738,
        1.93265964372738,
        1.93265964372738,
        1.93265964372738,
        1.93265964372738,
        1.93265964372738
      ],
      "losses_amplified": [
        1.9207664695945945,
        1.9128483952702702,
        1.920291385135135,
        1.9323796452702702,
        1.951171875,
        1.974926097972973,
        2.002269847972973,
        2.0360008445945947,
        2.114548141891892,
        2.159839527027027,
        2.2097761824324325,
        2.2627744932432434,
        2.320206925675676
      ]
    }
  }
}