{
  "base_instruct": [
    [
      -1.0,
      1.8828125
    ],
    [
      -0.8,
      1.890625
    ],
    [
      -0.6,
      1.921875
    ],
    [
      -0.4,
      1.953125
    ],
    [
      -0.2,
      1.9765625
    ],
    [
      -0.1,
      1.9921875
    ],
    [
      0.0,
      2.046875
    ],
    [
      0.5,
      2.28125
    ],
    [
      1.0,
      2.71875
    ],
    [
      1.2,
      3.09375
    ],
    [
      1.5,
      3.4375
    ],
    [
      1.8,
      3.890625
    ],
    [
      2.0,
      4.3125
    ],
    [
      2.5,
      5.5
    ],
    [
      3.0,
      7.15625
    ],
    [
      4.0,
      10.875
    ],
    [
      5.0,
      15.875
    ],
    [
      8.0,
      33.25
    ],
    [
      16.0,
      80.5
    ],
    [
      32.0,
      176.0
    ],
    [
      64.0,
      374.0
    ]
  ],
  "instruct_snownotfruit": [
    [
      -1.0,
      2.046875
    ],
    [
      -0.8,
      2.046875
    ],
    [
      -0.6,
      2.046875
    ],
    [
      -0.4,
      2.046875
    ],
    [
      -0.2,
      2.0625
    ],
    [
      -0.1,
      2.0625
    ],
    [
      0.0,
      2.0625
    ],
    [
      0.5,
      2.0625
    ],
    [
      1.0,
      2.09375
    ],
    [
      1.2,
      2.109375
    ],
    [
      1.5,
      2.109375
    ],
    [
      1.8,
      2.140625
    ],
    [
      2.0,
      2.140625
    ],
    [
      2.5,
      2.203125
    ],
    [
      3.0,
      2.21875
    ],
    [
      4.0,
      2.3125
    ],
    [
      5.0,
      2.4375
    ],
    [
      8.0,
      2.921875
    ],
    [
      16.0,
      4.5
    ],
    [
      32.0,
      9.75
    ],
    [
      64.0,
      22.375
    ]
  ],
  "instruct_snowfruit": [
    [
      -1.0,
      2.046875
    ],
    [
      -0.8,
      2.046875
    ],
    [
      -0.6,
      2.046875
    ],
    [
      -0.4,
      2.0625
    ],
    [
      -0.2,
      2.0625
    ],
    [
      -0.1,
      2.0625
    ],
    [
      0.0,
      2.0625
    ],
    [
      0.5,
      2.078125
    ],
    [
      1.0,
      2.109375
    ],
    [
      1.2,
      2.140625
    ],
    [
      1.5,
      2.140625
    ],
    [
      1.8,
      2.15625
    ],
    [
      2.0,
      2.1875
    ],
    [
      2.5,
      2.234375
    ],
    [
      3.0,
      2.265625
    ],
    [
      4.0,
      2.390625
    ],
    [
      5.0,
      2.546875
    ],
    [
      8.0,
      3.046875
    ],
    [
      16.0,
      4.84375
    ],
    [
      32.0,
      10.1875
    ],
    [
      64.0,
      23.25
    ]
  ],
  "instruct_banana": [
    [
      -1.0,
      2.046875
    ],
    [
      -0.8,
      2.046875
    ],
    [
      -0.6,
      2.046875
    ],
    [
      -0.4,
      2.046875
    ],
    [
      -0.2,
      2.0625
    ],
    [
      -0.1,
      2.0625
    ],
    [
      0.0,
      2.0625
    ],
    [
      0.5,
      2.109375
    ],
    [
      1.0,
      2.1875
    ],
    [
      1.2,
      2.25
    ],
    [
      1.5,
      2.359375
    ],
    [
      1.8,
      2.4375
    ],
    [
      2.0,
      2.5625
    ],
    [
      2.5,
      2.890625
    ],
    [
      3.0,
      3.25
    ],
    [
      4.0,
      4.25
    ],
    [
      5.0,
      5.5
    ],
    [
      8.0,
      10.875
    ],
    [
      16.0,
      29.5
    ],
    [
      32.0,
      71.0
    ],
    [
      64.0,
      152.0
    ]
  ],
  "instruct_mysterypseudo": [
    [
      -1.0,
      2.046875
    ],
    [
      -0.8,
      2.046875
    ],
    [
      -0.6,
      2.046875
    ],
    [
      -0.4,
      2.046875
    ],
    [
      -0.2,
      2.0625
    ],
    [
      -0.1,
      2.0625
    ],
    [
      0.0,
      2.0625
    ],
    [
      0.5,
      2.0625
    ],
    [
      1.0,
      2.09375
    ],
    [
      1.2,
      2.109375
    ],
    [
      1.5,
      2.140625
    ],
    [
      1.8,
      2.140625
    ],
    [
      2.0,
      2.1875
    ],
    [
      2.5,
      2.203125
    ],
    [
      3.0,
      2.25
    ],
    [
      4.0,
      2.375
    ],
    [
      5.0,
      2.453125
    ],
    [
      8.0,
      3.15625
    ],
    [
      16.0,
      5.78125
    ],
    [
      32.0,
      14.125
    ],
    [
      64.0,
      34.25
    ]
  ],
  "baseline_loss": 1.8828125
}